<?xml version="1.0" encoding="UTF-8"?><module codename="org.netbeans.modules.junitlib">
    <module_version install_time="1582809242794" last="true" origin="installer" specification_version="1.9.1">
        <file crc="736645064" name="config/Modules/org-netbeans-modules-junitlib.xml"/>
        <file crc="1182186347" name="docs/junit-4.12-javadoc.jar"/>
        <file crc="3074123133" name="docs/junit-4.12-sources.jar"/>
        <file crc="2228807066" name="docs/junit-jupiter-api-5.3.1-javadoc.jar"/>
        <file crc="2472165523" name="docs/junit-jupiter-api-5.3.1-sources.jar"/>
        <file crc="2268003355" name="docs/junit-jupiter-engine-5.3.1-javadoc.jar"/>
        <file crc="3605206287" name="docs/junit-jupiter-engine-5.3.1-sources.jar"/>
        <file crc="1337186559" name="docs/junit-jupiter-params-5.3.1-javadoc.jar"/>
        <file crc="3813782943" name="docs/junit-jupiter-params-5.3.1-sources.jar"/>
        <file crc="291534519" name="modules/org-netbeans-modules-junitlib.jar"/>
    </module_version>
</module>
