<?xml version="1.0" encoding="UTF-8"?><module codename="org.openide.filesystems">
    <module_version install_time="1582789373093" last="true" origin="installer" specification_version="9.8.1">
        <file crc="3309650626" name="config/ModuleAutoDeps/org-openide-filesystems.xml"/>
        <file crc="886607453" name="core/locale/org-openide-filesystems_ja.jar"/>
        <file crc="2347215778" name="core/locale/org-openide-filesystems_pt_BR.jar"/>
        <file crc="3516421303" name="core/locale/org-openide-filesystems_ru.jar"/>
        <file crc="1165528717" name="core/locale/org-openide-filesystems_zh_CN.jar"/>
        <file crc="855950813" name="core/org-openide-filesystems.jar"/>
    </module_version>
</module>
