<?xml version="1.0" encoding="UTF-8"?><module codename="org.netbeans.core.startup/1">
    <module_version install_time="1582789372714" last="true" origin="installer" specification_version="1.61.1.1">
        <file crc="1587981288" name="config/ModuleAutoDeps/org-netbeans-core-startup.xml"/>
        <file crc="2017773163" name="core/core.jar"/>
        <file crc="1302003122" name="core/locale/core_ja.jar"/>
        <file crc="789489045" name="core/locale/core_pt_BR.jar"/>
        <file crc="1076971404" name="core/locale/core_ru.jar"/>
        <file crc="230828201" name="core/locale/core_zh_CN.jar"/>
    </module_version>
</module>
