<?xml version="1.0" encoding="UTF-8"?><module codename="org.netbeans.libs.asm">
    <module_version install_time="1582789372902" last="true" origin="installer" specification_version="5.2.1">
        <file crc="1409393333" name="core/asm-all-5.0.1.jar"/>
        <file crc="178020054" name="core/locale/org-netbeans-libs-asm_ja.jar"/>
        <file crc="1825654585" name="core/locale/org-netbeans-libs-asm_pt_BR.jar"/>
        <file crc="2843087042" name="core/locale/org-netbeans-libs-asm_ru.jar"/>
        <file crc="3974246417" name="core/locale/org-netbeans-libs-asm_zh_CN.jar"/>
        <file crc="1391795909" name="core/org-netbeans-libs-asm.jar"/>
    </module_version>
</module>
