<?xml version="1.0" encoding="UTF-8"?><module codename="org.openide.util">
    <module_version install_time="1582789374325" last="true" origin="installer" specification_version="9.5.1">
        <file crc="3443873185" name="config/ModuleAutoDeps/org-openide-util.xml"/>
        <file crc="298838090" name="lib/locale/org-openide-util_ja.jar"/>
        <file crc="118266677" name="lib/locale/org-openide-util_pt_BR.jar"/>
        <file crc="2055176357" name="lib/locale/org-openide-util_ru.jar"/>
        <file crc="1794616548" name="lib/locale/org-openide-util_zh_CN.jar"/>
        <file crc="3012111897" name="lib/org-openide-util.jar"/>
    </module_version>
</module>
