<?xml version="1.0" encoding="UTF-8"?><module codename="org.netbeans.api.annotations.common/1">
    <module_version install_time="1582789374109" last="true" origin="installer" specification_version="1.26.1">
        <file crc="1285559856" name="config/Modules/org-netbeans-api-annotations-common.xml"/>
        <file crc="166448772" name="modules/locale/org-netbeans-api-annotations-common_ja.jar"/>
        <file crc="2814674715" name="modules/locale/org-netbeans-api-annotations-common_pt_BR.jar"/>
        <file crc="4213548714" name="modules/locale/org-netbeans-api-annotations-common_ru.jar"/>
        <file crc="3042204496" name="modules/locale/org-netbeans-api-annotations-common_zh_CN.jar"/>
        <file crc="3272412914" name="modules/org-netbeans-api-annotations-common.jar"/>
    </module_version>
</module>
