<?xml version="1.0" encoding="UTF-8"?><module codename="dk.sdu.mmmi.cbse.Bullet">
    <module_version install_time="1582809901493" last="true" origin="installer" specification_version="1.0">
        <file crc="1703511565" name="config/Modules/dk-sdu-mmmi-cbse-Bullet.xml"/>
        <file crc="2312131140" name="modules/dk-sdu-mmmi-cbse-Bullet.jar"/>
        <file crc="2975890568" name="modules/ext/dk.sdu.mmmi.cbse.Bullet/com-badlogicgames-gdx/gdx-backend-lwjgl.jar"/>
        <file crc="3764980079" name="modules/ext/dk.sdu.mmmi.cbse.Bullet/com-badlogicgames-gdx/gdx.jar"/>
        <file crc="1146210713" name="modules/ext/dk.sdu.mmmi.cbse.Bullet/com-badlogicgames-jlayer/jlayer.jar"/>
        <file crc="426864957" name="modules/ext/dk.sdu.mmmi.cbse.Bullet/net-java-jinput/jinput.jar"/>
        <file crc="1529865491" name="modules/ext/dk.sdu.mmmi.cbse.Bullet/net-java-jutils/jutils.jar"/>
        <file crc="2846045197" name="modules/ext/dk.sdu.mmmi.cbse.Bullet/org-jcraft/jorbis.jar"/>
        <file crc="4257286244" name="modules/ext/dk.sdu.mmmi.cbse.Bullet/org-lwjgl-lwjgl/lwjgl-platform-natives-linux.jar"/>
        <file crc="195738200" name="modules/ext/dk.sdu.mmmi.cbse.Bullet/org-lwjgl-lwjgl/lwjgl-platform-natives-osx.jar"/>
        <file crc="4182559041" name="modules/ext/dk.sdu.mmmi.cbse.Bullet/org-lwjgl-lwjgl/lwjgl-platform-natives-windows.jar"/>
        <file crc="1131781346" name="modules/ext/dk.sdu.mmmi.cbse.Bullet/org-lwjgl-lwjgl/lwjgl.jar"/>
        <file crc="1311417881" name="modules/ext/dk.sdu.mmmi.cbse.Bullet/org-lwjgl-lwjgl/lwjgl_util.jar"/>
        <file crc="280328604" name="update_tracking/dk-sdu-mmmi-cbse-Bullet.xml"/>
    </module_version>
</module>
