<?xml version="1.0" encoding="UTF-8"?><module codename="dk.sdu.mmmi.cbse.Enemy">
    <module_version install_time="1582809902089" last="true" origin="installer" specification_version="1.0">
        <file crc="4083148919" name="config/Modules/dk-sdu-mmmi-cbse-Enemy.xml"/>
        <file crc="79197799" name="modules/dk-sdu-mmmi-cbse-Enemy.jar"/>
        <file crc="2975890568" name="modules/ext/dk.sdu.mmmi.cbse.Enemy/com-badlogicgames-gdx/gdx-backend-lwjgl.jar"/>
        <file crc="3764980079" name="modules/ext/dk.sdu.mmmi.cbse.Enemy/com-badlogicgames-gdx/gdx.jar"/>
        <file crc="1146210713" name="modules/ext/dk.sdu.mmmi.cbse.Enemy/com-badlogicgames-jlayer/jlayer.jar"/>
        <file crc="426864957" name="modules/ext/dk.sdu.mmmi.cbse.Enemy/net-java-jinput/jinput.jar"/>
        <file crc="1529865491" name="modules/ext/dk.sdu.mmmi.cbse.Enemy/net-java-jutils/jutils.jar"/>
        <file crc="2846045197" name="modules/ext/dk.sdu.mmmi.cbse.Enemy/org-jcraft/jorbis.jar"/>
        <file crc="4257286244" name="modules/ext/dk.sdu.mmmi.cbse.Enemy/org-lwjgl-lwjgl/lwjgl-platform-natives-linux.jar"/>
        <file crc="195738200" name="modules/ext/dk.sdu.mmmi.cbse.Enemy/org-lwjgl-lwjgl/lwjgl-platform-natives-osx.jar"/>
        <file crc="4182559041" name="modules/ext/dk.sdu.mmmi.cbse.Enemy/org-lwjgl-lwjgl/lwjgl-platform-natives-windows.jar"/>
        <file crc="1131781346" name="modules/ext/dk.sdu.mmmi.cbse.Enemy/org-lwjgl-lwjgl/lwjgl.jar"/>
        <file crc="1311417881" name="modules/ext/dk.sdu.mmmi.cbse.Enemy/org-lwjgl-lwjgl/lwjgl_util.jar"/>
        <file crc="4269204407" name="update_tracking/dk-sdu-mmmi-cbse-Enemy.xml"/>
    </module_version>
</module>
